Name,Label,Owner,Ownership,Proof,Shanai,Kodomo,Type,Add1,Add2,Y,X,url,TEL,FAX,Full,AgeS,AgeE,Open,Close,H24,Memo,Extra,Temp,Holiday,Night,Vacancy,VacancyDate,Remarks,Parking,Bus,Uniform,Smock,Lunch,Cost,Competition,Openingdate,Playground,Playroom,Pool,Sakidori_auth,Hoikuroom_auth
植草学園大学附属弁天こども園,植草学園大学附属弁天こども園,,私立,Y,N,Y,認可保育所,千葉市中央区弁天2-7-1,,35.6156494,140.1148839,,290-1789,,105,0,5,7:00,20:00,N,,Y,N,N,N,N,20161028,,2,,Y,Y,Y,特定負担あり,1.06,,,,,,
亥鼻保育所,亥鼻保育所,千葉市,公立,Y,N,N,認可保育所,千葉市中央区亥鼻2-5-6,,35.6026995,140.1279533,,222-2082,,150,0,5,7:00,19:00,N,,Y,N,N,N,N,20161028,,9,,N,N,N,,1.07,19690428,,,Y,,
大森保育所,大森保育所,千葉市,公立,Y,N,N,認可保育所,千葉市中央区大森町268,,35.5806263,140.1443398,,263-0266,,100,0,5,7:00,19:00,N,,Y,N,N,N,N,20161028,,8,,N,N,N,,1.2,19680424,,,Y,,
生実保育所,生実保育所,千葉市,公立,Y,N,N,認可保育所,千葉市中央区生実町1940-1,,35.5608003,140.1457454,,261-3719,,170,0,5,7:00,20:00,N,,Y,N,N,N,N,20161028,,10,,N,N,N,,1.01,19940330,,,Y,,
川戸保育所,川戸保育所,千葉市,公立,Y,N,N,認可保育所,千葉市中央区川戸町424-1,,35.5832983,140.1644272,,265-0570,,90,0,5,7:00,19:00,N,,Y,N,N,N,N,20161028,,9,,N,N,N,,1.04,19750528,,,Y,,
白旗保育所,白旗保育所,千葉市,公立,Y,N,N,認可保育所,千葉市中央区白旗2-6-11,,35.5783264,140.1408013,,261-2916,,160,0,5,7:00,19:00,N,,Y,N,N,N,N,20161028,,2,,N,N,N,,1.22,19710519,,,Y,,
新宿保育所,新宿保育所,千葉市,公立,Y,N,N,認可保育所,千葉市中央区新宿2-15-2,,35.6070787,140.1142262,,241-8574,,120,0,5,7:00,20:00,N,,Y,N,N,N,N,20161028,,3,,N,N,N,,1.28,19970331,,,Y,,
神明保育所,神明保育所,千葉市,公立,Y,N,N,認可保育所,千葉市中央区神明町27-6,,35.6016075,140.116882,,242-7349,,120,0,5,7:00,19:00,N,,Y,N,N,N,N,20161028,,3,,N,N,N,,1.02,19710827,,,Y,,
蘇我保育所,蘇我保育所,千葉市,公立,Y,N,N,認可保育所,千葉市中央区蘇我2-3-18,,35.5724932,140.1311081,,263-4902,,70,0,5,7:00,19:00,N,,Y,N,N,N,N,20161028,,5,,N,N,N,,1.34,,,,Y,,
浜野保育所,浜野保育所,千葉市,公立,Y,N,N,認可保育所,千葉市中央区浜野町1346-5,,35.559414,140.1295059,,265-4165,,120,0,5,7:00,19:00,N,,Y,N,N,N,N,20161028,,0,,N,N,N,,1.16,19740330,,,Y,,
弁天保育所,弁天保育所,千葉市,公立,Y,N,N,認可保育所,千葉市中央区弁天3-8-10,,35.6187517,140.114767,,254-4472,,90,0,5,7:00,19:00,N,,Y,Y,N,N,N,20161028,,5,,N,N,N,,1.2,19730331,,,Y,,
星久喜保育所,星久喜保育所,千葉市,公立,Y,N,N,認可保育所,千葉市中央区星久喜町1063-6,,35.5981387,140.1468625,,261-0022,,90,0,5,7:00,19:00,N,,Y,N,N,N,N,20161028,,7,,N,N,N,,1.33,19890331,,,Y,,
都保育所,都保育所,千葉市,公立,Y,N,N,認可保育所,千葉市中央区都町2-26-5,,35.6121816,140.1418599,,231-4846,,120,0,5,7:00,19:00,N,,Y,N,N,N,N,20161028,,4,,N,N,N,,1.2,19750729,,,Y,,
今井保育園,今井保育園,,私立,Y,N,N,認可保育所,千葉市中央区今井2-12-7,,35.5801815,140.1289196,,261-5627,,120,0,5,7:00,20:00,N,,Y,Y,N,N,N,20161028,,9,,Y,N,N,体操服あり,1.36,,,,,,
いろは保育園,いろは保育園,,私立,Y,N,N,認可保育所,千葉市中央区問屋町１3-5,,35.60289,140.1091269,,241-2221,,40,0,5,7:00,20:00,N,,Y,N,N,N,N,20161028,,2,,N,N,Y,,1,,,,,,
院内保育園,院内保育園,,私立,Y,N,N,認可保育所,千葉市中央区院内2-5-6,,35.6142337,140.1255304,,222-7234,,90,0,5,7:00,20:00,N,,Y,N,N,N,N,20161028,,0,,N,Y,N,体操服あり,1.17,,,,,,
キートスチャイルドケア新田町,キートスチャイルドケア新田町,,私立,Y,N,N,認可保育所,千葉市中央区新田町10-14,,35.6088004,140.1126734,,216-5516,,59,0,5,7:00,20:00,N,一時預かりは不定期利用のみ,Y,Y,N,N,Y,20161028,,0,,N,N,N,,0.64,,,,,,
寒川保育園,寒川保育園,,私立,Y,N,N,認可保育所,千葉市中央区寒川町2-120-1,,35.5953444,140.1216011,,265-6115,,90,0,5,7:00,20:00,N,,Y,Y,N,N,N,20161028,,4,,Y,N,N,体操服あり,1.14,,,,,,
慈光保育園,慈光保育園,,私立,Y,N,N,認可保育所,千葉市中央区大巌寺町457-5,,35.573788,140.1469725,,263-7965,,90,0,5,7:00,20:00,N,,Y,Y,N,N,N,20161028,,16,,Y,N,Y,体操服あり,1.08,,,,,,
そらまめ保育園新千葉駅前園,そらまめ保育園新千葉駅前園,,私立,Y,N,N,認可保育所,千葉市中央区登戸2-11-6,,35.612119,140.1082596,,238-5066,,40,0,5,7:00,20:00,N,,Y,N,N,N,Y,20161028,,2,,N,N,Y,,0.75,,,,,,
千葉寺保育園,千葉寺保育園,,私立,Y,N,N,認可保育所,千葉市中央区末広4-17-3,,35.5903253,140.1309084,,264-7952,,159,0,5,7:00,20:00,N,,Y,Y,Y,N,Y,20161028,,5,,N,Y,N,体操服あり,1.09,,,,,,
千葉みなとのぞみ保育園,千葉みなとのぞみ保育園,,私立,Y,N,N,認可保育所,千葉市中央区中央港1-22-7 2F,,35.6052669,140.1027598,,246-7827,,30,0,5,7:00,20:00,N,,Y,N,N,N,N,20161028,,0,,N,N,Y,,1.1,,,,,,
畠山学園附属はまの,畠山学園附属はまの,,私立,Y,N,N,認可保育所,千葉市中央区浜野町663-1,,35.5565199,140.130842,,265-5771,,59,0,5,7:00,20:00,N,,Y,N,N,N,N,20161028,,,,,,,,1.15,,,,,,
はまかぜ保育園,はまかぜ保育園,,私立,Y,N,N,認可保育所,千葉市中央区中央港1-24-14 1F,,35.6077635,140.1008716,,238-1191,,40,0,5,7:00,20:00,N,,Y,N,N,N,N,20161028,,0,,N,N,Y,体操服あり,1.1,,,,,,
ひなたぼっこ保育園,ひなたぼっこ保育園,,私立,Y,N,N,認可保育所,千葉市中央区新宿2-5-13 2F,,35.6070455,140.1161122,,242-6870,,39,0,5,7:00,20:00,N,,Y,N,N,N,N,20161028,,0,,N,N,Y,,1.1,,,,,,
ピラミッドメソッド千葉保育園,ピラミッドメソッド千葉保育園,,私立,Y,N,N,認可保育所,千葉市中央区新田町7-16,,35.6081284,140.1135484,,239-6008,,59,0,5,7:00,20:00,N,,Y,N,N,N,N,20161028,,0,,N,N,Y,,1.05,,,,,,
ふぇりーちぇほいくえん,ふぇりーちぇほいくえん,,私立,Y,N,N,認可保育所,千葉市中央区祐光2-7-8,,35.6168498,140.1239636,,221-7755,,59,0,5,7:00,20:00,N,,Y,N,N,N,N,20161028,,,,,,,,0.14,,,,,,
本千葉エンゼルホーム保育園,本千葉エンゼルホーム保育園,,私立,Y,N,N,認可保育所,千葉市中央区港町16-37,,35.6006245,140.1207845,,215-8886,,40,0,5,7:00,20:00,N,,Y,N,N,N,Y,20161028,,0,,N,N,Y,,0.78,,,,,,
松ヶ丘保育園,松ヶ丘保育園,,公立,Y,N,N,認可保育所,千葉市中央区松ケ丘町563-1,,35.5858621,140.1547665,,265-7568,,90,0,5,7:00,20:00,N,,Y,N,N,N,N,20161028,,5,,N,N,N,体操服あり,1.07,,,,,,
みなと公園のぞみ保育園,みなと公園のぞみ保育園,,私立,Y,N,N,認可保育所,千葉市中央区中央港1-1-1,,35.6068166,140.1027854,,246-7806,,90,0,5,7:00,20:00,N,,Y,Y,N,N,Y,20161028,,0,,N,N,Y,,0.97,,,,,,
明徳浜野駅保育園,明徳浜野駅保育園,,私立,Y,N,N,認可保育所,千葉市中央区村田町668-2,,35.5517787,140.1318588,,497-6326,,36,0,5,7:00,20:00,N,,Y,N,N,N,N,20161028,,0,,N,N,Y,,1.25,,,,,,
ルーチェ保育園千葉新田町,ルーチェ保育園千葉新田町,,私立,Y,N,N,認可保育所,千葉市中央区新田町33-1 1F,,35.607556,140.110257,,306-7655,,59,0,5,7:00,20:00,N,,Y,N,N,N,Y,20161028,,0,,N,Y,Y,,0.73,,,,,,
ローゼンそが保育園,ローゼンそが保育園,,私立,Y,N,N,認可保育所,千葉市中央区蘇我5-44-2,,35.5693992,140.1392124,,308-4110,,90,0,5,7:00,20:00,N,,Y,Y,N,N,Y,20161028,,12,,N,N,Y,,1.12,,,,,,
青葉の森保育館,青葉の森保育館,,私立,Y,N,N,認可保育所,千葉市中央区千葉寺町1210-7,,35.5934585,140.1351552,,208-7219,,15,0,2,7:00,19:00,N,,Y,N,N,N,Y,20161028,,2,,N,N,,,0.93,,,,,,
おひさまのおうち,おひさまのおうち,,私立,Y,N,N,認可保育所,千葉市中央区新宿2-11-6,,35.6060456,140.1158596,,302-7188,,13,0,2,7:00,20:00,N,,Y,N,N,N,Y,20161028,,2,,N,N,,,0.92,,,,,,
キッズパティオ西千葉園,キッズパティオ西千葉園,,私立,Y,N,N,認可保育所,千葉市中央区松波2-18-11,,35.6227337,140.1065008,,256-6378,,12,0,2,7:00,20:00,N,,Y,N,N,N,N,20161028,,2,,N,N,,,0.67,,,,,,
キッズルームチャコ千葉園,キッズルームチャコ千葉園,,私立,Y,N,N,認可保育所,千葉市中央区院内2-17-25,,35.6118313,140.1262111,,225-6503,,18,0,2,7:00,翌7：00,Y,,Y,Y,Y,Y,N,20161028,,4,,N,N,,,1.06,,,,,,
そらまめ千葉西口駅前園,そらまめ千葉西口駅前園,,私立,Y,N,N,認可保育所,千葉市中央区新千葉1-7-9,,35.6120526,140.1115844,,306-3627,,19,0,2,7:00,21:00,N,,Y,N,N,N,N,20161028,,0,,N,N,,,0.89,,,,,,
千葉わくわく園,千葉わくわく園,,私立,Y,N,N,認可保育所,千葉市中央区登戸1−11−18,,35.6100221,140.1083265,,242-7737,,19,0,2,7:00,20:00,N,,Y,Y,N,N,N,20161028,,0,,N,N,,,0.74,,,,,,
ナーサリー・アーク,ナーサリー・アーク,,私立,Y,N,N,認可保育所,千葉市中央区松波1-19-8,,35.6192622,140.107587,,441-5500,,12,0,2,7:00,20:00,N,,Y,N,N,N,N,20161028,,0,,N,N,,,0.75,,,,,,
西千葉たんぽぽ保育室,西千葉たんぽぽ保育室,,私立,Y,N,N,認可保育所,千葉市中央区松波4-22-10,,35.6239783,140.1108947,,307-3418,,12,0,2,7:00,20:00,N,,Y,N,N,N,N,20161028,,0,,N,N,,,1,,,,,,
ニチイキッズ千葉中央第一,ニチイキッズ千葉中央第一,,私立,Y,N,N,認可保育所,千葉市中央区本千葉町1-1,,35.6080094,140.1187536,,202-2188,,19,0,2,7:00,20:00,N,,Y,N,N,N,N,20161028,,0,,N,N,,,0.79,,,,,,
ニチイキッズ千葉中央第二,ニチイキッズ千葉中央第二,,私立,Y,N,N,認可保育所,千葉市中央区本千葉町1-1,,35.6080094,140.1187536,,202-2215,,19,0,2,7:00,20:00,N,,Y,N,N,N,Y,20161028,,0,,N,N,,,0.63,,,,,,
ぷち・いろは保育園,ぷち・いろは保育園,,私立,Y,N,N,認可保育所,千葉市中央区神明町201-2,,35.6052099,140.1185956,,306-4700,,15,0,2,7:00,20:00,N,,Y,N,N,N,N,20161028,,2,,N,N,,,0.87,,,,,,
星のおうち千葉中央,星のおうち千葉中央,,私立,Y,N,N,認可保育所,千葉市中央区神明町202-5,,35.6045932,140.1172985,,306-7013,,15,0,2,7:00,19:00,N,,Y,N,N,N,N,20161028,,0,,N,N,,,1,,,,,,
ほしのこキッズルーム,ほしのこキッズルーム,,私立,Y,N,N,認可保育所,千葉市中央区新千葉2-14-6,,35.6121969,140.1101345,,306-9410,,19,0,2,7:00,19:30,N,,Y,N,N,N,N,20161028,,0,,N,N,,,0.84,,,,,,
千葉医療センターつばき保育園（地域枠）,千葉医療センターつばき保育園（地域枠）,,私立,Y,Y,N,認可保育所,千葉市中央区椿森4-1-2,,35.6232875,140.1216493,,207-4176,,10,0,2,7:30,19:00,N,,Y,N,N,N,N,20161028,,16,,N,N,,,0.7,,,,,,
こてはし台保育所,こてはし台保育所,千葉市,公立,Y,N,N,認可保育所,千葉市花見川区こてはし台5-12,,35.6902971,140.1204387,,257-4512,,150,0,5,7:00,19:00,N,,Y,N,N,N,Y,20161028,,15,,N,N,N,,1.03,19800331,,,Y,,
さつきが丘第一保育所,さつきが丘第一保育所,千葉市,公立,Y,N,N,認可保育所,千葉市花見川区さつきが丘2-32-1,,35.6664852,140.092698,,259-7567,,150,0,5,7:00,19:00,N,,Y,N,N,N,Y,20161028,,3,,N,N,N,,0.94,19730402,,,Y,,
さつきが丘第二保育所,さつきが丘第二保育所,千葉市,公立,Y,N,N,認可保育所,千葉市花見川区さつきが丘1-32-1,,35.6652049,140.0963422,,250-7121,,90,0,5,7:00,19:00,N,,Y,N,N,N,N,20161028,,15,,N,N,N,,1.28,19800331,,,Y,,
長作保育所,長作保育所,千葉市,公立,Y,N,N,認可保育所,千葉市花見川区長作町739-3,,35.6746536,140.0722052,,259-6541,,60,0,5,7:00,19:00,N,,Y,N,N,N,N,20161028,,3,,N,N,N,,1.27,19820331,,,Y,,
西小中台保育所,西小中台保育所,千葉市,公立,Y,N,N,認可保育所,千葉市花見川区西小中台5-20,,35.6518535,140.0873767,,271-1955,,100,0,5,7:00,19:00,N,,Y,N,N,N,Y,20161028,,4,,N,N,N,,1.24,,,,Y,,
花見川第一保育所,花見川第一保育所,千葉市,公立,Y,N,N,認可保育所,千葉市花見川区花見川3-23-101,,35.6907412,140.0953608,,259-1280,,120,0,5,7:00,19:00,N,,Y,N,N,N,Y,20161028,,3,,N,N,N,,0.83,,,,Y,,
花見川第二保育所,花見川第二保育所,千葉市,公立,Y,N,N,認可保育所,千葉市花見川区花見川2-41-101,,35.6876637,140.0940333,,259-5364,,155,0,5,7:00,20:00,N,,Y,N,N,N,N,20161028,,5,,N,N,N,,0.92,19691027,,,Y,,
花見川第三保育所,花見川第三保育所,千葉市,公立,Y,N,N,認可保育所,千葉市花見川区花見川4-2,,35.695513,140.0990741,,259-3542,,100,0,5,7:00,19:00,N,,Y,Y,N,N,N,20161028,,5,,N,N,N,,0.83,19720930,,,Y,,
幕張第一保育所,幕張第一保育所,千葉市,公立,Y,N,N,認可保育所,千葉市花見川区幕張町5-417-260,,35.6550475,140.0533102,,273-8763,,85,0,5,7:00,19:00,N,,Y,N,N,N,N,20161028,,3,,N,N,N,,1.42,,,,Y,,
幕張第二保育所,幕張第二保育所,千葉市,公立,Y,N,N,認可保育所,千葉市花見川区幕張町4-636,,35.6616162,140.0577874,,273-7118,,130,0,5,7:00,20:00,N,,Y,N,N,N,N,20161028,,7,,N,N,N,,1.3,,,,Y,,
幕張第三保育所,幕張第三保育所,千葉市,公立,Y,N,N,認可保育所,千葉市花見川区幕張町3-7730-5,,35.6565555,140.0482078,,272-5490,,150,0,5,7:00,19:00,N,,Y,N,N,N,N,20161028,,2,,N,N,N,,1.07,19790331,,,Y,,
あい・あい保育園 幕張園,あい・あい保育園 幕張園,,私立,Y,N,N,認可保育所,千葉市花見川区幕張町5-150-15,,35.6580222,140.0559321,,296-7098,,29,0,5,7:00,20:00,N,一時預かりは不定期利用のみ,Y,Y,N,N,Y,20161028,,1,,N,N,Y,,1.03,,,,,,
泉保育園,泉保育園,,私立,Y,N,N,認可保育所,千葉市花見川区幕張本郷6-21-20,,35.6762253,140.0447409,,441-3551,,60,0,5,7:00,20:00,N,,Y,N,N,N,N,20161028,,2,,N,N,Y,,1.03,,,,,,
新検見川すきっぷ保育園,新検見川すきっぷ保育園,,私立,Y,N,N,認可保育所,千葉市花見川区花園町1573-1,,35.6517285,140.0793719,,306-7245,,40,0,5,7:00,20:00,N,,Y,N,N,N,N,20161028,,10,,N,N,Y,,1.3,,,,,,
スクルドエンジェル保育園幕張園,スクルドエンジェル保育園幕張園,,私立,Y,N,N,認可保育所,千葉市花見川区幕張町2-1411,,35.66556,140.0484909,,306-3783,,27,0,5,7:00,20:00,N,,Y,N,N,N,N,20161028,,0,,N,N,Y,,0.89,,,,,,
ちどり保育園,ちどり保育園,,私立,Y,N,N,認可保育所,千葉市花見川区検見川町3-331-4,,35.646268,140.0694924,,271-7828,,120,0,5,7:00,20:00,N,,Y,N,N,N,N,20161028,,0,,N,Y,Y,体操服あり,1.08,,,,,,
ぴょんぴょん保育園,ぴょんぴょん保育園,,私立,Y,N,N,認可保育所,千葉市花見川区作新台1-6-11,,35.6904995,140.0916307,,257-6730,,20,0,5,7:00,20:00,N,,Y,N,N,N,Y,20161028,,0,,N,Y,Y,,0.7,,,,,,
ほのぼのたんぽぽ保育園,ほのぼのたんぽぽ保育園,,私立,Y,N,N,認可保育所,千葉市花見川区幕張本郷1-20-9,,35.6718145,140.0379389,,271-4152,,59,0,5,7:00,20:00,N,,Y,N,N,N,N,20161028,,2,,N,Y,Y,体操服あり,1.1,,,,,,
幕張いもっこ保育園,幕張いもっこ保育園,,私立,Y,N,N,認可保育所,千葉市花見川区幕張町4-608-1,,35.6604191,140.0557238,,299-8116,,135,0,5,7:00,20:00,N,,Y,N,N,N,N,20161028,,0,,N,N,Y,,1.01,,,,,,
幕張本郷きらきら保育園,幕張本郷きらきら保育園,,私立,Y,N,N,認可保育所,千葉市花見川区幕張本郷5-8-8,,35.6735173,140.0461381,,350-0415,,59,0,5,7:00,20:00,N,,Y,N,N,N,N,20161028,,0,,N,N,Y,,1.19,,,,,,
幕張本郷すきっぷ保育園,幕張本郷すきっぷ保育園,,私立,Y,N,N,認可保育所,千葉市花見川区幕張本郷6-27-10,,35.674156,140.04333,,215-8871,,56,0,5,7:00,20:00,N,,Y,N,N,N,Y,20161028,,0,,N,N,Y,,0.77,,,,,,
幕張本郷ナーサリー,幕張本郷ナーサリー,,私立,Y,N,N,認可保育所,千葉市花見川区幕張本郷2-21-1,,35.668226,140.0386278,,272-5666,,48,0,5,7:00,20:00,N,,Y,N,N,N,N,20161028,,3,,N,N,Y,,0.96,,,,,,
みどり保育園,みどり保育園,,私立,Y,N,N,認可保育所,千葉市花見川区幕張町2-972,,35.6623993,140.0488437,,272-3610,,90,0,5,7:00,20:00,N,,Y,N,N,N,N,20161028,,6,,N,N,Y,体操服あり,1.02,,,,,,
キッズスペース・ウィーピー幕張本郷,キッズスペース・ウィーピー幕張本郷,,私立,Y,N,N,認可保育所,千葉市花見川区幕張本郷2-6-4,,35.6702176,140.0429135,,213-8311,,19,0,2,7:00,20:00,N,,Y,N,N,N,N,20161028,,3,,N,N,,,1,,,,,,
Kid's Patio まくはり園,Kid's Patio まくはり園,,私立,Y,N,N,認可保育所,千葉市花見川区幕張町5-498-2,,35.6587165,140.0542239,,306-9368,,18,0,2,7:30,20:30,N,,Y,N,N,N,Y,20161028,,4,,N,N,,,1,,,,,,
星のおうち,星のおうち,,私立,Y,N,N,認可保育所,千葉市花見川区幕張町4-586-1,,35.6599608,140.0540573,,306-5122,,9,0,2,7:00,19:00,N,,Y,N,N,N,N,20161028,,0,,N,N,,,1,,,,,,
ウィズダムナーサリースクール,ウィズダムナーサリースクール,,私立,Y,N,Y,認可保育所,千葉市稲毛区園生町787-4,,35.6460801,140.1066775,,287-0008,,50,0,5,7:00,20:00,N,一時預かりは不定期利用のみ,Y,Y,N,N,N,20161028,,4,,Y,Y,Y,体操服あり、特定負担あり,1.02,,,,,,
小ばと幼稚園,小ばと幼稚園,,私立,Y,N,Y,認可保育所,千葉市稲毛区天台1-7-17,,35.6329686,140.1135743,,251-6471,,50,0,5,7:30,18:30,N,,N,N,N,N,N,20161028,,22,,Y,Y,Y,体操服あり、特定負担あり,0.54,,,,,,
あやめ台第一保育所,あやめ台第一保育所,千葉市,公立,Y,N,N,認可保育所,千葉市稲毛区あやめ台1-15-101,,35.6491413,140.1165042,,252-5756,,100,0,5,7:00,19:00,N,,Y,N,N,N,N,20161028,,2,,N,N,N,,1.25,,,,Y,,
あやめ台第二保育所,あやめ台第二保育所,千葉市,公立,Y,N,N,認可保育所,千葉市稲毛区あやめ台3-19,,35.648405,140.1115298,,254-6130,,90,0,5,7:00,19:00,N,,Y,N,N,N,N,20161028,,3,,N,N,N,,0.88,19720804,,,Y,,
黒砂保育所,黒砂保育所,千葉市,公立,Y,N,N,認可保育所,千葉市稲毛区黒砂2-4-24,,35.6268377,140.0936046,,246-1161,,90,0,5,7:00,19:00,N,,Y,Y,N,N,N,20161028,,6,,N,N,N,,1.44,19740918,,,Y,,
小中台保育所,小中台保育所,千葉市,公立,Y,N,N,認可保育所,千葉市稲毛区小仲台9-30-2,,35.6478711,140.0970091,,252-0608,,90,0,5,7:00,19:00,N,,Y,N,N,N,N,20161028,,0,,N,N,N,,1.27,19970731,,,Y,,
小深保育所,小深保育所,千葉市,公立,Y,N,N,認可保育所,千葉市稲毛区小深町261-7,,35.6608751,140.1502411,,423-0062,,80,0,5,7:00,19:00,N,,Y,N,N,N,N,20161028,,5,,N,N,N,,1.15,19730331,,,Y,,
園生保育所,園生保育所,千葉市,公立,Y,N,N,認可保育所,千葉市稲毛区園生町1325-1,,35.6524857,140.1239452,,252-2818,,110,0,5,7:00,19:00,N,,Y,N,N,N,N,20161028,,3,,N,N,N,,1.25,19740910,,,Y,,
千草台保育所,千草台保育所,千葉市,公立,Y,N,N,認可保育所,千葉市稲毛区千草台1-1-27,,35.6356406,140.1183208,,251-6307,,120,0,5,7:00,19:00,N,,Y,N,N,N,N,20161028,,7,,N,N,N,,1.38,19830331,,,Y,,
天台保育所,天台保育所,千葉市,公立,Y,N,N,認可保育所,千葉市稲毛区天台1-10-6,,35.6310051,140.114541,,253-1442,,90,0,5,7:00,19:00,N,,Y,N,N,N,N,20161028,,0,,N,N,N,,1.08,19730331,,,Y,,
轟保育所,轟保育所,千葉市,公立,Y,N,N,認可保育所,千葉市稲毛区轟町1-12-13,,35.6247336,140.1101892,,251-5105,,160,0,5,7:00,20:00,N,,Y,N,N,N,N,20161028,,2,,N,N,N,,1.18,19850330,,,Y,,
長沼原保育所,長沼原保育所,千葉市,公立,Y,N,N,認可保育所,千葉市稲毛区長沼原町242-2,,35.6701025,140.1243451,,259-2848,,70,0,5,7:00,19:00,N,,Y,N,N,N,Y,20161028,,10,,N,N,N,,1.14,19700305,,,Y,,
緑町保育所,緑町保育所,千葉市,公立,Y,N,N,認可保育所,千葉市稲毛区緑町2-22-1,,35.6232884,140.0954129,,241-0837,,80,0,5,7:00,19:00,N,,Y,N,N,N,N,20161028,,0,,N,N,N,,1.13,19670419,,,Y,,
宮野木保育所,宮野木保育所,千葉市,公立,Y,N,N,認可保育所,千葉市稲毛区園生町238-56,,35.6523402,140.1017391,,255-4661,,150,0,5,7:00,20:00,N,,Y,N,N,N,N,20161028,,0,,N,N,N,,1.32,19760219,,,Y,,
アストロキャンプ稲毛東保育園,アストロキャンプ稲毛東保育園,,私立,Y,N,N,認可保育所,千葉市稲毛区稲毛東4-2-21,,35.6378552,140.0896547,,247-1510,,40,0,5,7:00,20:00,N,,Y,Y,N,N,N,20161028,,2,,N,N,Y,,1.15,,,,,,
アストロナーサリー小仲台,アストロナーサリー小仲台,,私立,Y,N,N,認可保育所,千葉市稲毛区小仲台7-10-36,,35.6444378,140.0892295,,306-1510,,30,0,5,7:00,20:00,N,,Y,Y,N,N,Y,20161028,,3,,N,N,Y,,1.27,,,,,,
稲毛保育園,稲毛保育園,,私立,Y,N,N,認可保育所,千葉市稲毛区小仲台2-10-1,,35.6380722,140.0945652,,251-8196,,140,0,5,7:00,20:00,N,,Y,Y,N,N,N,20161028,,0,,N,N,N,,1.35,,,,,,
稲毛すきっぷ保育園,稲毛すきっぷ保育園,,私立,Y,N,N,認可保育所,千葉市稲毛区小仲台6-12-16,,35.6400552,140.0934236,,290-5615,,48,0,5,7:00,20:00,N,,Y,N,N,N,Y,20161028,,2,,N,N,Y,,1,,,,,,
稲毛ひだまり保育園,稲毛ひだまり保育園,,私立,Y,N,N,認可保育所,千葉市稲毛区小仲台5-3-2,,35.6413969,140.0963482,,206-1321,,59,0,5,7:00,20:00,N,,Y,N,N,N,Y,20161028,,5,,N,N,N,,1.05,,,,,,
いなほ保育園,いなほ保育園,,私立,Y,N,N,認可保育所,千葉市稲毛区稲毛東2-17-13 2F,,35.6377691,140.0880965,,244-7261,,50,0,5,7:00,20:00,N,,Y,N,N,N,Y,20161028,,0,,N,N,Y,,1.3,,,,,,
ココファン・ナーサリー稲毛,ココファン・ナーサリー稲毛,,私立,Y,N,N,認可保育所,千葉市稲毛区稲毛東3-12-2,,35.6351807,140.0924197,,243-9151,,59,0,5,7:00,20:00,N,,Y,N,N,N,N,20161028,,3,,N,N,Y,,1.14,,,,,,
ココファン・ナーサリー稲毛東,ココファン・ナーサリー稲毛東,,私立,Y,N,N,認可保育所,千葉市稲毛区稲毛東4-8-10,,35.6385524,140.0901574,,243-3531,,56,0,5,7:00,20:00,N,,Y,N,N,N,Y,20161028,,0,,N,N,Y,,0.98,,,,,,
作草部保育園,作草部保育園,,私立,Y,N,N,認可保育所,千葉市稲毛区作草部町698-3,,35.6278452,140.1247154,,256-1753,,90,0,5,7:00,20:00,N,,Y,N,N,N,N,20161028,,3,,Y,N,N,体操服あり,1.17,,,,,,
山王保育園,山王保育園,,私立,Y,N,N,認可保育所,千葉市稲毛区山王町153-16,,35.6649598,140.1401249,,304-1188,,45,0,5,7:00,20:00,N,,Y,N,N,N,N,20161028,,4,,N,N,N,,1.33,,,,,,
ししの子保育園,ししの子保育園,,私立,Y,N,N,認可保育所,千葉市稲毛区小仲台3-8-5,,35.6386834,140.0972232,,305-4367,,58,0,5,7:00,20:00,N,,Y,N,N,N,N,20161028,,2,,N,N,Y,,0.78,,,,,,
チャイルド・ガーデン保育園,チャイルド・ガーデン保育園,,私立,Y,N,N,認可保育所,千葉市稲毛区小仲台8-4-6 2F,,35.6383054,140.0925627,,206-8600,,110,0,5,7:00,20:00,N,,Y,N,N,N,Y,20161028,,3,,Y,Y,Y,体操服あり,1.15,,,,,,
南小中台保育園,南小中台保育園,,私立,Y,N,N,認可保育所,千葉市稲毛区小仲台8-21-1,,35.6447711,140.0903183,,256-1330,,120,0,5,7:00,20:00,N,,Y,N,N,N,N,20161028,,0,,N,Y,Y,,1.01,,,,,,
アストロミニキャンプ小仲台,アストロミニキャンプ小仲台,,私立,Y,N,N,認可保育所,千葉市稲毛区小仲台6-9-1,,35.6405995,140.0920015,,306-4800,,9,0,2,7:00,20:00,N,,Y,N,N,N,N,20161028,,0,,N,N,,,1.11,,,,,,
キッズルームチャコ稲毛園,キッズルームチャコ稲毛園,,私立,Y,N,N,認可保育所,千葉市稲毛区小仲台6-2-10,,35.6384942,140.0925404,,207-4088,,18,0,2,7:00,22:00,N,,Y,Y,Y,Y,N,20161028,,2,,N,N,,,1,,,,,,
キッズルームわかば,キッズルームわかば,,私立,Y,N,N,認可保育所,千葉市稲毛区穴川3-6-17,,35.6376147,140.1082025,,207-5520,,18,0,2,7:00,20:00,N,,Y,N,N,N,N,20161028,,,,,,,,,,,,,,
園生幼稚園附属園生保育園（地域枠）,園生幼稚園附属園生保育園（地域枠）,,私立,Y,Y,N,認可保育所,千葉市稲毛区園生町956-5,,35.6411668,140.104314,,290-4321,,6,0,2,7:30,18:30,N,,N,N,N,N,N,20161028,,20,,N,N,,,4.17,,,,,,
千城台東認定こども園,千城台東認定こども園,千葉市,公立,Y,N,Y,認可保育所,千葉市若葉区千城台東4-33-1,,35.6186255,140.2000369,,236-0431,,110,0,5,7:00,19:00,N,,Y,N,N,N,Y,20161028,,0,,N,N,N,,0.95,19760327,,,Y,,
大宮台保育所,大宮台保育所,千葉市,公立,Y,N,N,認可保育所,千葉市若葉区大宮台7-8-2,,35.5962272,140.1811954,,263-4284,,90,0,5,7:00,19:00,N,,Y,N,N,N,Y,20161028,,0,,N,N,N,,0.88,19710522,,,Y,,
小倉台保育所,小倉台保育所,千葉市,公立,Y,N,N,認可保育所,千葉市若葉区小倉台4-18-2,,35.6286304,140.1711593,,231-2183,,55,0,5,7:00,19:00,N,,Y,N,N,N,N,20161028,,0,,N,N,N,,1.58,19690519,,,Y,,
坂月保育所,坂月保育所,千葉市,公立,Y,N,N,認可保育所,千葉市若葉区坂月町294-1,,35.6126258,140.180878,,236-5591,,70,0,5,7:00,19:00,N,,Y,N,N,N,Y,20161028,,10,,N,N,N,,1.17,,,,Y,,
桜木保育所,桜木保育所,千葉市,公立,Y,N,N,認可保育所,千葉市若葉区桜木1-40-1,,35.6176731,140.1564753,,232-1633,,140,0,5,7:00,19:00,N,,Y,N,N,N,Y,20161028,,28,,N,N,N,,1.04,19740330,,,Y,,
更科保育所,更科保育所,千葉市,公立,Y,N,N,認可保育所,千葉市若葉区更科町2073-27,,35.6203731,140.2277671,,239-0571,,40,0,5,7:00,18:00,N,,Y,N,N,N,Y,20161028,,0,,N,N,N,,0.73,19950323,,,Y,,
多部田保育所,多部田保育所,千葉市,公立,Y,N,N,認可保育所,千葉市若葉区多部田町754-39,,35.5977548,140.1950719,,228-4660,,70,0,5,7:00,19:00,N,,Y,N,N,N,Y,20161028,,0,,N,N,N,,0.63,19800331,,,Y,,
千城台西保育所,千城台西保育所,千葉市,公立,Y,N,N,認可保育所,千葉市若葉区千城台西3-8-1,,35.6185671,140.18145,,237-1688,,110,0,5,7:00,19:00,N,,Y,N,N,N,Y,20161028,,24,,N,N,N,,1.07,19710331,,,Y,,
千城台東第一保育所,千城台東第一保育所,千葉市,公立,Y,N,N,認可保育所,千葉市若葉区千城台東2-8-1,,35.6192503,140.193457,,237-1402,,180,0,5,7:00,20:00,N,,Y,N,N,N,Y,20161028,,6,,N,N,N,,0.93,19720401,,,Y,,
都賀の台保育所,都賀の台保育所,千葉市,公立,Y,N,N,認可保育所,千葉市若葉区都賀の台3-6-1,,35.6437248,140.1440667,,256-1956,,115,0,5,7:00,20:00,N,,Y,N,N,N,N,20161028,,2,,N,N,N,,1.12,19780331,,,Y,,
野呂保育所,野呂保育所,千葉市,公立,Y,N,N,認可保育所,千葉市若葉区野呂町622,,35.5838121,140.2295395,,228-0203,,50,0,5,7:00,18:00,N,,N,N,N,N,Y,20161028,,6,,N,N,N,,0.68,19720831,,,Y,,
旭ヶ丘保育園,旭ヶ丘保育園,,私立,Y,N,N,認可保育所,千葉市若葉区都賀１−1−1,,35.6316488,140.1436338,,231-5047,,120,0,5,7:00,20:00,N,,Y,Y,N,N,N,20161028,,3〜4,,N,N,N,,1.13,,,,,,
キッズマーム保育園,キッズマーム保育園,,私立,Y,N,N,認可保育所,千葉市若葉区西都賀3-17-12,,35.6374986,140.1498,,206-0177,,58,0,5,7:00,20:00,N,,Y,N,N,N,N,20161028,,1,,N,N,Y,,1.12,,,,,,
すずらん保育園,すずらん保育園,,私立,Y,N,N,認可保育所,千葉市若葉区若松町2106-3,,35.6361576,140.1703675,,231-0380,,90,0,5,7:00,20:00,N,,Y,N,N,N,N,20161028,,30,,N,Y,N,体操服あり,1.23,,,,,,
たいよう保育園,たいよう保育園,,私立,Y,N,N,認可保育所,千葉市若葉区みつわ台3-12-1,,35.6395414,140.135631,,255-3626,,110,0,5,7:00,20:00,N,,Y,N,N,N,N,20161028,,4,,N,Y,Y,体操服あり,1.09,,,,,,
千葉聖心保育園,千葉聖心保育園,,私立,Y,N,N,認可保育所,千葉市若葉区若松町531-197,,35.6464245,140.1465638,,304-3606,,75,0,5,7:00,20:00,N,,Y,N,N,N,Y,20161028,,100,,N,N,Y,体操服あり,1.08,,,,,,
都賀保育園,都賀保育園,,私立,Y,N,N,認可保育所,千葉市若葉区都賀5-1-11,,35.6367019,140.1540082,,231-1600,,90,0,5,7:00,20:00,N,,Y,Y,N,N,N,20161028,,9,,N,N,Y,,1.29,,,,,,
まほろばのお日さま保育園,まほろばのお日さま保育園,,私立,Y,N,N,認可保育所,千葉市若葉区みつわ台5-21-14,,35.649104,140.1382058,,307-5518,,29,0,5,7:00,20:00,N,,Y,N,N,N,Y,20161028,,3,,N,N,Y,,0.79,,,,,,
マミー＆ミー西都賀,マミー＆ミー西都賀,,私立,Y,N,N,認可保育所,千葉市若葉区西都賀3-20-3 1Ｆ,,35.6376903,140.1505778,,290-5860,,28,0,5,7:00,20:00,N,,Y,N,N,N,Y,20161028,,1,,N,N,Y,,0.75,,,,,,
みつわ台保育園,みつわ台保育園,,私立,Y,N,N,認可保育所,千葉市若葉区みつわ台5-8-8,,35.6472401,140.1341921,,255-7041,,120,0,5,7:00,20:00,N,,Y,N,N,N,Y,20161028,,4,,N,N,N,体操服あり,1.14,,,,,,
ミルキーホーム都賀園,ミルキーホーム都賀園,,私立,Y,N,N,認可保育所,千葉市若葉区都賀3-8-14,,35.6368905,140.1516083,,235-1077,,50,0,5,7:00,21:00,N,,Y,Y,Y,N,N,20161028,,4,,N,Y,Y,,0.92,,,,,,
若竹保育園,若竹保育園,,私立,Y,N,N,認可保育所,千葉市若葉区若松町336,,35.6343188,140.1686205,,231-2114,,150,0,5,7:00,20:00,N,,Y,Y,N,N,N,20161028,,33,,N,N,Y,体操服あり,1.2,,,,,,
若葉保育園,若葉保育園,,私立,Y,N,N,認可保育所,千葉市若葉区原町925-21,,35.6359592,140.1413725,,207-5667,,59,0,5,7:00,20:00,N,,Y,N,N,N,Y,20161028,,6,,N,N,N,,0.75,,,,,,
キートスチャイルドケアみつわ台,キートスチャイルドケアみつわ台,,私立,Y,N,N,認可保育所,千葉市若葉区みつわ台2-36-8,,35.6384415,140.1340283,,301-3244,,19,0,2,7:00,20:00,N,,Y,Y,N,N,N,20161028,,2,,N,N,,,1,,,,,,
べびぃまーむ,べびぃまーむ,,私立,Y,N,N,認可保育所,千葉市若葉区西都賀3-3-12,,35.6366985,140.1477973,,441-6593,,12,0,2,7:00,19:00,N,,Y,N,N,N,N,20161028,,0,,N,N,,,1,,,,,,
おうちほいく　もみじのて,おうちほいく　もみじのて,,私立,Y,N,N,認可保育所,千葉市若葉区若松町2216,,35.6372574,140.1739892,,231-6498,,3,0,2,7:00,20:00,N,,Y,N,N,N,N,20161028,,5,,N,N,,,0.67,,,,,,
エデュケア・チルドレン・ハウス　にじ,エデュケア・チルドレン・ハウス　にじ,,私立,Y,N,N,認可保育所,千葉市若葉区西都賀1丁目,,35.6362428,140.145003,,251-5978,,4,0,2,8:30,17:30,N,,N,N,N,N,N,20161028,,1,,N,N,,,1,,,,,,
おうちほいく　ふたば,おうちほいく　ふたば,,私立,Y,N,N,認可保育所,千葉市若葉区みつわ台5丁目,,35.6466513,140.1351142,,206-2468,,3,0,2,8:00,18:00,N,,N,N,N,N,N,20161028,,1,,N,N,,,1.33,,,,,,
白梅幼稚園,白梅幼稚園,,私立,Y,N,Y,認可保育所,千葉市緑区誉田町2-24,,35.5468545,140.2124477,,291-0135,,30,0,5,7:00,20:00,N,,Y,N,N,N,N,20161028,,10,,Y,Y,Y,体操服あり、特定負担あり,1.23,,,,,,
認定こども園かしの木,認定こども園かしの木,,私立,Y,N,Y,認可保育所,千葉市緑区おゆみ野2-1-15,,35.5649224,140.1728191,,300-3535,,45,0,5,7:00,20:00,N,,Y,N,N,N,N,20161028,,4,,Y,N,Y,体操服あり、特定負担あり,0.91,,,,,,
平山保育所,平山保育所,千葉市,公立,Y,N,N,認可保育所,千葉市緑区平山町138,,35.5736048,140.182255,,291-1376,,115,0,5,7:00,20:00,N,,Y,N,N,N,N,20161028,,3,,N,N,N,,1.19,19770331,,,Y,,
誉田保育所,誉田保育所,千葉市,公立,Y,N,N,認可保育所,千葉市緑区誉田町2-298,,35.5463936,140.2055039,,291-0575,,150,0,5,7:00,20:00,N,,Y,N,N,N,N,20161028,,5,,N,N,N,,1.13,20000920,,,Y,,
あい・あい保育園 土気園,あい・あい保育園 土気園,,私立,Y,N,N,認可保育所,千葉市緑区土気町1583-25,,35.5341022,140.2722937,,309-4141,,58,0,5,7:00,20:00,N,,Y,N,N,N,Y,20161028,,6,,N,N,Y,,0.76,,,,,,
あおぞら保育園,あおぞら保育園,,私立,Y,N,N,認可保育所,千葉市緑区鎌取町273-146,,35.5701219,140.1737439,,312-0427,,31,0,5,7:00,20:00,N,,Y,N,N,N,N,20161028,,8,,N,Y,Y,,1,,,,,,
おゆみ野保育園,おゆみ野保育園,,私立,Y,N,N,認可保育所,千葉市緑区おゆみ野2-7,,35.5622949,140.1748275,,291-8877,,90,0,5,7:00,20:00,N,,Y,Y,N,N,N,20161028,,4,,N,N,N,,1.33,,,,,,
おゆみ野すきっぷ保育園,おゆみ野すきっぷ保育園,,私立,Y,N,N,認可保育所,千葉市緑区おゆみ野南3-25-1 1F,,35.5495628,140.1659477,,293-3761,,36,0,5,7:00,20:00,N,,Y,N,N,N,Y,20161028,,1,,N,N,Y,,1.17,,,,,,
かまとり保育園,かまとり保育園,,私立,Y,N,N,認可保育所,千葉市緑区おゆみ野4-30,,35.5577038,140.1795749,,300-0357,,90,0,5,7:00,20:00,N,,Y,N,N,N,N,20161028,,,,,,,,1.1,,,,,,
かるがも保育園おゆみ野園,かるがも保育園おゆみ野園,,私立,Y,N,N,認可保育所,千葉市緑区おゆみ野4-23-2,,35.5576732,140.1770694,,300-1152,,29,0,5,7:00,20:00,N,,Y,N,N,N,N,20161028,,4,,Y,N,Y,,0.86,,,,,,
グレース保育園,グレース保育園,,私立,Y,N,N,認可保育所,千葉市緑区おゆみ野中央2-7-7,,35.5561788,140.1646445,,300-1221,,120,0,5,7:00,20:00,N,,Y,N,Y,N,N,20161028,,25,,N,N,Y,体操服あり,1.24,,,,,,
げんき保育園,げんき保育園,,私立,Y,N,N,認可保育所,千葉市緑区おゆみ野3-26-1,,35.5612784,140.1744803,,293-1844,,48,0,5,7:00,20:00,N,,Y,N,N,N,N,20161028,,5,,N,N,Y,,1.02,,,,,,
ココファン・ナーサリーおゆみ野,ココファン・ナーサリーおゆみ野,,私立,Y,N,N,認可保育所,千葉市緑区おゆみ野4-3-5,,35.5593457,140.1820855,,292-8720,,90,0,5,7:00,20:00,N,,Y,N,N,N,N,20161028,,4,,N,N,Y,,1.09,,,,,,
さくらんぼ保育園,さくらんぼ保育園,,私立,Y,N,N,認可保育所,千葉市緑区高田町1083-13,,35.5500344,140.2218302,,300-3715,,30,0,5,7:00,20:00,N,,Y,N,N,N,N,20161028,,10,,N,N,Y,,1.1,,,,,,
真生保育園,真生保育園,,私立,Y,N,N,認可保育所,千葉市緑区おゆみ野南5-29-1,,35.5472688,140.1744725,,292-9333,,90,0,5,7:00,20:00,N,,Y,N,N,N,N,20161028,,8,,N,N,Y,,1.19,,,,,,
テンダーラビング保育園誉田,テンダーラビング保育園誉田,,私立,Y,N,N,認可保育所,千葉市緑区誉田町2-24-7,,35.5474377,140.2131754,,312-1515,,59,0,5,7:00,20:00,N,,Y,N,N,N,N,20161028,,10,,N,N,Y,,0.95,,,,,,
ナーセリー鏡戸,ナーセリー鏡戸,,私立,Y,N,N,認可保育所,千葉市緑区あすみが丘4-21-1,,35.524192,140.264345,,295-3686,,120,0,5,7:00,20:00,N,,Y,Y,N,N,N,20161028,,26,,N,N,Y,体操服あり,1.14,,,,,,
ニチイキッズあすみが丘保育園,ニチイキッズあすみが丘保育園,,私立,Y,N,N,認可保育所,千葉市緑区あすみが丘5-6-3,,35.5313576,140.2626338,,205-5367,,59,0,5,7:00,20:00,N,,Y,N,N,N,Y,20161028,,3,,N,N,Y,,0.88,,,,,,
ふたば保育園,ふたば保育園,,私立,Y,N,N,認可保育所,千葉市緑区刈田子町308-10,,35.5468908,140.1659256,,300-2211,,130,0,5,7:00,20:00,N,,Y,Y,N,N,N,20161028,,30,,N,Y,N,体操服あり,1.1,,,,,,
誉田おもいやり保育園,誉田おもいやり保育園,,私立,Y,N,N,認可保育所,千葉市緑区誉田町2-23-290,,35.5486072,140.208112,,312-1651,,59,0,5,7:00,20:00,N,,Y,Y,N,N,Y,20161028,,20,,N,N,Y,体操服あり,0.73,,,,,,
マミー＆ミーおゆみ野,マミー＆ミーおゆみ野,,私立,Y,N,N,認可保育所,千葉市緑区おゆみ野中央6-50-10,,35.552124,140.1846722,,300-4471,,20,0,5,7:00,20:00,N,,Y,N,N,N,N,20161028,,4,,N,N,Y,,0.9,,,,,,
明徳土気保育園,明徳土気保育園,,私立,Y,N,N,認可保育所,千葉市緑区土気町1626-5,,35.5327134,140.2697246,,294-0110,,120,0,5,7:00,20:00,N,,Y,Y,N,N,N,20161028,,31,,N,N,Y,,1.18,,,,,,
明和輝保育園,明和輝保育園,,私立,Y,N,N,認可保育所,千葉市緑区おゆみ野中央7-30,,35.5467634,140.1795252,,293-3900,,90,0,5,7:00,20:00,N,,Y,N,N,N,N,20161028,,12,,N,N,Y,,1.16,,,,,,
美光保育園,美光保育園,,私立,Y,N,N,認可保育所,千葉市緑区大膳野町1-6,,35.5476662,140.187161,,300-0123,,90,0,5,7:00,20:00,N,,Y,Y,N,N,N,20161028,,20,,N,N,Y,,1.2,,,,,,
わかくさ保育園,わかくさ保育園,,私立,Y,N,N,認可保育所,千葉市緑区大椎町1199-2,,35.5293631,140.2565679,,294-5476,,110,0,5,7:00,20:00,N,,Y,N,N,N,N,20161028,,7,,N,Y,Y,体操服あり,1.04,,,,,,
ミルキーウェイ,ミルキーウェイ,,私立,Y,N,N,認可保育所,千葉市緑区あすみが丘1-27-2,,35.5289638,140.2683749,,205-8878,,19,0,2,7:00,20:00,N,,Y,N,N,N,N,20161028,,2,,N,N,,,0.79,,,,,,
森のおうちコッコロ,森のおうちコッコロ,,私立,Y,N,N,認可保育所,千葉市緑区あすみが丘8-1-1,,35.5214564,140.2704778,,205-5056,,19,0,2,7:00,20:00,N,,Y,N,N,N,N,20161028,,4,,N,N,,,1,,,,,,
まきの木えん,まきの木えん,,私立,Y,N,N,認可保育所,千葉市緑区誉田町2-2307-142,,35.546138,140.2094896,,292-9929,,5,0,2,8:00,18:00,N,,N,N,N,N,N,20161028,,2,,N,N,,,1,,,,,,
ひまわり保育室（地域枠）,ひまわり保育室（地域枠）,,私立,Y,Y,N,認可保育所,千葉市緑区あすみが丘7-2-3,,35.5206869,140.2650173,,294-9457,,5,0,2,7:00,19:00,N,,Y,N,N,N,N,20161028,,26,,N,N,,,1.2,,,,,,
みどりの森めばえ（地域枠）,みどりの森めばえ（地域枠）,,私立,Y,Y,N,認可保育所,千葉市緑区大木戸町1200-68,,35.5089682,140.2322986,,205-5151,,7,0,2,7:00,19:00,N,,Y,N,N,N,N,20161028,,82,,N,Y,,,1.29,,,,,,
幸認定こども園,幸認定こども園,千葉市,公立,Y,N,Y,認可保育所,千葉市美浜区幸町1-17-6,,35.6154205,140.099549,,247-7346,,108,0,5,7:00,19:00,N,,Y,N,N,N,Y,20161028,,3,,N,N,,,0.95,19770331,,,Y,,
幼保連携型認定こども園打瀬保育園,認定こども園打瀬保育園,,私立,Y,N,Y,認可保育所,千葉市美浜区打瀬1-3-5,,35.6430571,140.0481026,,273-6631,,127,0,5,7:00,20:00,N,,Y,N,N,N,N,20161028,,4,,N,N,Y,体操服あり,1.05,,,,,,
千葉女子専門学校附属聖こども園,千葉女子専門学校附属聖こども園,,私立,Y,N,Y,認可保育所,千葉市美浜区高洲2-3-24,,35.6225738,140.0768201,,245-0626,,97,0,5,7:00,20:00,N,,Y,N,N,N,N,20161028,,8,,Y,Y,Y,体操服あり,0.97,,,,,,
幕張海浜保育園,幕張海浜保育園,,私立,Y,N,Y,認可保育所,千葉市美浜区幕張西2-7-2,,35.6655541,140.0377974,,273-2266,,149,0,5,7:00,20:00,N,,Y,Y,N,N,N,20161028,,5,,Y,Y,Y,体操服あり,1.13,,,,,,
磯辺保育所,磯辺保育所,千葉市,公立,Y,N,N,認可保育所,千葉市美浜区磯辺1-3-1,,35.6298505,140.0663653,,277-3661,,105,0,5,7:00,19:00,N,,Y,N,N,N,Y,20161028,,0,,N,N,N,,1.33,19810304,,,Y,,
稲毛海岸保育所,稲毛海岸保育所,千葉市,公立,Y,N,N,認可保育所,千葉市美浜区稲毛海岸5-6-1,,35.6373052,140.0759699,,241-5620,,190,0,5,7:00,19:00,N,,Y,N,N,N,N,20161028,,5,,N,N,N,,1.39,19860226,,,Y,,
幸第一保育所,幸第一保育所,千葉市,公立,Y,N,N,認可保育所,千葉市美浜区幸町2-12-9,,35.6214607,140.0933104,,241-0825,,161,0,5,7:00,20:00,N,,Y,N,N,N,N,20161028,,0,,N,N,N,,0.83,19691001,,,Y,,
高洲第一保育所,高洲第一保育所,千葉市,公立,Y,N,N,認可保育所,千葉市美浜区高洲2-2-21,,35.6245791,140.0788449,,242-8944,,94,0,5,7:00,19:00,N,,Y,N,N,N,Y,20161028,,0,,N,N,N,,0.86,19720831,,,Y,,
高洲第二保育所,高洲第二保育所,千葉市,公立,Y,N,N,認可保育所,千葉市美浜区高洲2-3-19,,35.6220961,140.0773923,,245-0631,,61,0,5,7:00,19:00,N,,Y,N,N,N,Y,20161028,,0,,N,N,N,,0.78,19720831,,,Y,,
高洲第三保育所,高洲第三保育所,千葉市,公立,Y,N,N,認可保育所,千葉市美浜区高洲3-2-14,,35.6271621,140.0756451,,278-3390,,155,0,5,7:00,20:00,N,,Y,N,N,N,N,20161028,,4,,N,N,N,,1.05,19940101,,,Y,,
高浜第一保育所,高浜第一保育所,千葉市,公立,Y,N,N,認可保育所,千葉市美浜区高浜1-4-3,,35.6195491,140.0749508,,246-1955,,49,0,5,7:00,19:00,N,,Y,N,N,N,Y,20161028,,0,,N,N,N,,0.61,19760326,,,Y,,
真砂第一保育所,真砂第一保育所,千葉市,公立,Y,N,N,認可保育所,千葉市美浜区真砂2-22-13,,35.6408742,140.0684065,,277-5918,,128,0,5,7:00,19:00,N,,Y,Y,N,N,N,20161028,,4,,N,N,N,,1.38,19740902,,,Y,,
真砂第二保育所,真砂第二保育所,千葉市,公立,Y,N,N,認可保育所,千葉市美浜区真砂5-19-1,,35.6455459,140.0643568,,277-5919,,131,0,5,7:00,19:00,N,,Y,N,N,N,N,20161028,,5,,N,N,N,,1.18,19740902,,,Y,,
真砂第三保育所,真砂第三保育所,千葉市,公立,Y,N,N,認可保育所,千葉市美浜区真砂5-44-1,,35.6436767,140.0598989,,278-3993,,149,0,5,7:00,19:00,N,,Y,N,N,N,N,20161028,,0,,N,N,N,,1.22,19750610,,,Y,,
アスク海浜幕張保育園,アスク海浜幕張保育園,,私立,Y,N,N,認可保育所,千葉市美浜区中瀬1-3 1F,,35.6516948,140.0415056,,296-3200,,51,0,5,7:00,20:00,N,,Y,N,N,N,N,20161028,,0,,N,Y,Y,体操服あり,0.88,,,,,,
アップルナースリー検見川浜保育園,アップルナースリー検見川浜保育園,,私立,Y,N,N,認可保育所,千葉市美浜区真砂4-1-10 5F,,35.6387217,140.0614378,,270-2501,,32,0,5,7:00,20:00,N,,Y,N,N,N,N,20161028,,0,,N,N,Y,体操服あり,1,,,,,,
第２幕張海浜保育園,第２幕張海浜保育園,,私立,Y,N,N,認可保育所,千葉市美浜区ひび野2-110,,35.648448,140.0420001,,216-2255,,36,0,5,7:00,20:00,N,,Y,N,N,N,N,20161028,,0,,N,Y,N,,1.17,,,,,,
たかし保育園稲毛海岸,たかし保育園稲毛海岸,,私立,Y,N,N,認可保育所,千葉市美浜区稲毛海岸3-1-30 2F,,35.635336,140.0803112,,243-8222,,39,0,5,7:00,20:00,N,,Y,N,N,N,N,20161028,,3,,N,N,N,体操服あり,1.4,,,,,,
茶々まくはり保育園,茶々まくはり保育園,,私立,Y,N,N,認可保育所,千葉市美浜区打瀬2―18-2,,35.6381882,140.0456223,,276-5753,,129,0,5,7:00,20:00,N,,Y,Y,N,N,N,20161028,,9,,N,N,Y,,1.24,,,,,,
チューリップ保育園,チューリップ保育園,,私立,Y,N,N,認可保育所,千葉市美浜区真砂3-15-14,,35.6384468,140.0645625,,279-4863,,153,0,5,7:00,20:00,N,,Y,N,N,N,N,20161028,,5,,N,N,N,体操服あり,1.19,,,,,,
なぎさ保育園,なぎさ保育園,,私立,Y,N,N,認可保育所,千葉市美浜区高浜4-4-1,,35.6224625,140.0700095,,277-3466,,93,0,5,7:00,20:00,N,,Y,N,N,N,N,20161028,,0,,N,N,Y,体操服あり,1.02,,,,,,
なのはな保育園,なのはな保育園,,私立,Y,N,N,認可保育所,千葉市美浜区幸町1-21-8,,35.6157705,140.100149,,248-2478,,29,0,5,7:00,20:00,N,一時預かりは不定期利用のみ,Y,Y,N,N,N,20161028,,0,,N,N,Y,,1,,,,,,
まどか保育園,まどか保育園,,私立,Y,N,N,認可保育所,千葉市美浜区高洲1-15-2,,35.6299701,140.0777199,,277-2551,,100,0,5,7:00,20:00,N,,Y,N,N,N,N,20161028,,0,,N,N,Y,体操服あり,1.13,,,,,,
みらい保育園,みらい保育園,,私立,Y,N,N,認可保育所,千葉市美浜区打瀬3-11-3,,35.6365633,140.0420837,,213-2727,,145,0,5,7:00,20:00,N,,Y,Y,Y,N,N,20161028,,10,,N,Y,Y,体操服あり,1.25,,,,,,
もみじ保育園,もみじ保育園,,私立,Y,N,N,認可保育所,千葉市美浜区磯辺5-14-5,,35.6339111,140.0596852,,277-5355,,132,0,5,7:00,20:00,N,,Y,N,N,N,N,20161028,,5,,N,Y,Y,体操服あり,1.2,,,,,,
若梅保育園,若梅保育園,,私立,Y,N,N,認可保育所,千葉市美浜区高洲4-5-9,,35.6313115,140.0720453,,278-0260,,139,0,5,7:00,20:00,N,,Y,N,N,N,N,20161028,,3,,N,N,N,体操服あり,1.11,,,,,,
千葉白菊幼稚園附属しらぎくナーサリー,千葉白菊幼稚園附属しらぎくナーサリー,,私立,Y,N,N,認可保育所,千葉市美浜区幸町2-12-8,,35.6207718,140.0912856,,241-6600,,20,0,2,7:00,19:00,N,,Y,N,N,N,N,20161028,,4,,N,N,,,1.11,,,,,,
おうちほいく　すみれ,おうちほいく　すみれ,,私立,Y,N,N,認可保育所,千葉市美浜区浜田,,,,,270-3150,,3,0,2,8:00,18:00,N,連絡先は、美浜区こども家庭課,N,N,N,N,N,20161028,,,,,,,,0.67,,,,,,
美浜ナーサリーささえ愛（地域枠）,美浜ナーサリーささえ愛（地域枠）,,私立,Y,Y,N,認可保育所,千葉市美浜区磯辺6-3-9,,35.6363803,140.0535635,,270-6100,,10,0,2,7:00,19:00,N,,Y,N,N,N,N,20161028,,3,,N,N,,,0.91,,,,,,
イオンゆめみらい保育園（地域枠）,イオンゆめみらい保育園（地域枠）,,私立,Y,Y,N,認可保育所,千葉市美浜区豊砂1-1 1F,,35.6543607,140.0292121,,306-6110,,3,0,2,7:00,22:00,N,,Y,N,Y,Y,N,20161028,,5,,N,N,,,0.6,,,,,,
そがチャイルドハウス,そがチャイルドハウス,,私立,Y,N,N,認可外,千葉市中央区南町3-12-1,,35.5769874,140.133505,,488-5445,,22,,,7:00,19:00,N,,Y,Y,N,N,,,Y,,,,,,,,,,,,,
キッズルームKORU,キッズルームKORU,,私立,Y,N,N,認可外,千葉市稲毛区小仲台2-8-25 第8横土ビル1F,,35.6375579,140.0951501,,251-0220,,34,,,7:00,19:00,N,,Y,Y,N,N,,,Y,,,,,,,,,,,,,
たくみん保育園,たくみん保育園,,私立,Y,N,N,認可外,千葉市若葉区小倉台4-19-2,,35.6278832,140.1715232,,214-2711,,24,,,7:00,19:00,N,,Y,Y,N,N,,,Y,,,,,,,,,,,,,
やまどり保育園,やまどり保育園,,私立,Y,N,N,認可外,千葉市若葉区都賀2-12-11 技工ビル1F,,35.6337771,140.1489401,,214-5730,,59,,,7:00,21:00,N,,Y,Y,N,N,,,Y,,,,,,,,,,,,,
かるがも保育園鎌取駅前園,かるがも保育園,,私立,Y,N,N,認可外,千葉市緑区おゆみ野3-10-7,,35.5596619,140.178261,,292-8349,,59,,,7:00,20:00,N,,Y,Y,N,N,,,Y,,,,,,,,,,,,,
子どものまきば保育園,子どものまきば保育園,,私立,Y,N,N,認可外,千葉市緑区土気町630-8,,35.5311974,140.2801874,,295-3349,,31,,,7:00,19:00,N,,Y,Y,N,N,,,Y,,,,,,,,,,,,,
キッズガーデン海浜幕張園,キッズガーデン海浜幕張園,,私立,Y,N,N,認可外,千葉市美浜区ひび野2-1-1 QVCスクエア2F,,35.6468804,140.0394622,,306-6288,,59,,,7:00,19:00,N,,Y,Y,N,N,,,Y,,,,,,,,,,,,,
かるがも保育園蘇我園,かるがも保育園蘇我園,,私立,Y,N,N,認可外,千葉市中央区南町2-6-10 初芝ビル101,,35.5827015,140.1328262,,261-8349,,45,,,7:00,20:00,N,,Y,Y,Y,N,,,,Y,,,,,,,,,,,,
キッズ・ガーデン    ,キッズ・ガーデン    ,,私立,Y,N,N,認可外,千葉市中央区中央3-13-1 富士屋ビル2F,,35.6083746,140.1232242,,202-3888,,30,,,7:00,19:30,N,,Y,Y,N,N,,,,Y,,,,,,,,,,,,
中央保育所,中央保育所,,私立,Y,N,N,認可外,千葉市中央区祐光2-11-12 SKマンション213号,,35.6176155,140.126418,,227-5155,,130,,,7:00,21:00,N,,Y,Y,Y,N,,,,Y,,,,,,,,,,,,
はっぴぃルーム本千葉駅前園,はっぴぃルーム本千葉駅前園,,私立,Y,N,N,認可外,千葉市中央区長洲1-24-12 今井ビル1F,,35.6021051,140.1215094,,202-2562,,28,,,7:30,21:00,N,,Y,Y,N,N,,,,Y,,,,,,,,,,,,
ベビールームこどものへや,ベビールームこどものへや,,私立,Y,N,N,認可外,千葉市中央区長洲1-33-13 共栄ビル,,35.6022049,140.1192707,,227-0007,,23,,,8:00,20:00,N,,Y,Y,N,N,,,,Y,,,,,,,,,,,,
リトルガーデン千葉ポートタウン,リトルガーデン千葉ポートタウン,,私立,Y,N,N,認可外,千葉市中央区問屋町1-50 千葉ポートタウン1F,,35.6028405,140.1101896,,244-8839,,100,,,7:00,19:00,N,,Y,Y,N,N,,,,Y,,,,,,,,,,,,
エバーキッズ幕張保育園,エバーキッズ幕張保育園,,私立,Y,N,N,認可外,千葉市花見川区幕張本郷2-4-8,,35.6708064,140.0438995,,276-8451,,24,,,7:30,19:00,N,,Y,Y,N,N,,,,Y,,,,,,,,,,,,
きっずかりん,きっずかりん,,私立,Y,N,N,認可外,千葉市花見川区千種町112-1,,35.6771872,140.1078629,,286-7755,,10,,,8:00,18:00,N,,N,Y,Y,N,,,,Y,,,,,,,,,,,,
チャイルドケアセンター・プレイディア,チャイルドケアセンター・プレイディア,,私立,Y,N,N,認可外,千葉市花見川区幕張本郷1-3-22 プリズム幕張本郷1F,,35.6727878,140.0401642,,273-8866,,29,,,7:45,19:00,N,,Y,Y,N,N,,,,Y,,,,,,,,,,,,
KIDDY KINGDOM,KIDDY KINGDOM,,私立,Y,N,N,認可外,千葉市花見川区幕張本郷6-15-2,,35.6754919,140.0423634,,308-9552,,20,,,7:00,19:00,N,,Y,Y,N,N,,,,Y,,,,,,,,,,,,
キャンディ検見川園,キャンディ検見川園,,私立,Y,N,N,認可外,千葉市花見川区検見川町3-302-25,,35.6504231,140.0723781,,310-3577,,22,,,7:30,19:00,N,,Y,Y,N,N,,,,Y,,,,,,,,,,,,
新検見川駅前保育園,新検見川駅前保育園,,私立,Y,N,N,認可外,千葉市花見川区南花園2-2-12 アコルデ新検見川201,,35.6512756,140.0724072,,301-2877,,40,,,7:30,19:00,N,,Y,Y,N,N,,,,Y,,,,,,,,,,,,
花見川さくら学園,花見川さくら学園,,私立,Y,N,N,認可外,千葉市花見川区花島町430-35,,35.6876221,140.1017214,,250-4150,,78,,,7:00,19:00,N,,Y,N,N,N,,,,Y,,,,,,,,,,,,
幕張おおぞら保育園,幕張おおぞら保育園,,私立,Y,N,N,認可外,千葉市花見川区幕張町6-291-2 ニューウィング幕張2F,,35.6580339,140.0601861,,275-7827,,28,,,7:00,19:00,N,,Y,Y,N,N,,,,Y,,,,,,,,,,,,
マミー＆ミー幕張,マミー＆ミー幕張,,私立,Y,N,N,認可外,千葉市花見川区幕張町4-805-1,,35.6603469,140.0533295,,213-2373,,30,,,7:30,18:00,N,,N,Y,N,N,,,,Y,,,,,,,,,,,,
リトルガーデン幕張本郷,リトルガーデン幕張本郷,,私立,Y,N,N,認可外,千葉市花見川区幕張本郷2-21-1,,35.668226,140.0386278,,216-2220,,100,,,7:00,19:00,N,,Y,Y,N,N,,,,Y,,,,,,,,,,,,
スクルドエンジェル保育園稲毛園,スクルドエンジェル保育園稲毛園,,私立,Y,N,N,認可外,千葉市稲毛区小仲台2-8-2 渡辺ビル1F,,35.6370974,140.0956484,,441-4772,,28,,,7:30,21:00,N,,Y,Y,N,N,,,,Y,,,,,,,,,,,,
ちびっこランド稲毛愛教園,ちびっこランド稲毛愛教園,,私立,Y,N,N,認可外,千葉市稲毛区稲毛東5-1-4 斉藤ビル1F,,35.6386217,140.0856106,,204-2366,,17,,,7:30,19:00,N,,Y,Y,N,N,,,,Y,,,,,,,,,,,,
ハニーキッズ草野園,ハニーキッズ草野園,,私立,Y,N,N,認可外,千葉市稲毛区長沼町312-14,,35.6555765,140.1162681,,251-3449,,33,,,7:30,18:00,N,,N,Y,N,N,,,,Y,,,,,,,,,,,,
ぴょこたんランド,ぴょこたんランド,,私立,Y,N,N,認可外,千葉市稲毛区轟町4-6-23 グランドメゾンとどろき201,,35.627214,140.1141608,,216-3957,,35,,,0:00,24:00:00,Y,,Y,Y,Y,Y,,,,Y,,,,,,,,,,,,
キッズ倶楽部,キッズ倶楽部,,私立,Y,N,N,認可外,千葉市若葉区都賀3-17-5 戸村第2ハイツ101,,35.6342573,140.149639,,233-8622,,23,,,8:00,20:00,N,,Y,Y,Y,N,,,,Y,,,,,,,,,,,,
ひまわり保育園,ひまわり保育園,,私立,Y,N,N,認可外,千葉市若葉区桜木北1-15-1,,35.629272,140.1634741,,232-6090,,22,,,7:30,19:00,N,,Y,N,N,N,,,,Y,,,,,,,,,,,,
ベビー＆キッズルームおあふ,ベビー＆キッズルームおあふ,,私立,Y,N,N,認可外,千葉市若葉区千城台東3-23-3,,35.6187893,140.1979343,,236-3624,,20,,,7:00,20:00,N,,Y,Y,N,N,,,,Y,,,,,,,,,,,,
みつばち保育園,みつばち保育園,,私立,Y,N,N,認可外,千葉市若葉区桜木北2-10-6,,35.6364159,140.1559359,,231-1846,,26,,,7:00,19:00,N,,Y,Y,N,N,,,,Y,,,,,,,,,,,,
あすみ東保育園,あすみ東保育園,,私立,Y,N,N,認可外,千葉市緑区あすみが丘東4-9-2,,35.5228481,140.2756633,,295-5823,,59,,,7:00,19:00,N,,Y,Y,N,N,,,,Y,,,,,,,,,,,,
保育所ドルフィンキッズランド,保育所ドルフィンキッズランド,,私立,Y,N,N,認可外,千葉市緑区おゆみ野3-39-1 セントアベニュー102,,35.5582445,140.1755917,,300-1943,,40,,,7:30,19:00,N,,Y,Y,N,N,,,,Y,,,,,,,,,,,,
トレジャーキッズ,トレジャーキッズ,,私立,Y,N,N,認可外,千葉市緑区おゆみ野南3-30 サンクレイドルおゆみ野ステーションウィズ１Ｆ,,35.5491413,140.1673698,,309-8677,,35,,,7:00,19:00,N,,Y,Y,N,N,,,,Y,,,,,,,,,,,,
リトルガーデンおゆみ野,リトルガーデンおゆみ野,,私立,Y,N,N,認可外,千葉市緑区おゆみ野南2-12-1,,35.5523014,140.1670058,,292-6014,,100,,,7:00,20:00,N,,Y,Y,N,N,,,,Y,,,,,,,,,,,,
スクルドエンジェル保育園検見川浜園,スクルドエンジェル保育園検見川浜園,,私立,Y,N,N,認可外,千葉市美浜区真砂3-13-12 BAYPERCH真砂2F,,35.6363883,140.0623131,,279-3400,,36,,,7:30,19:30,N,,Y,Y,N,N,,,,Y,,,,,,,,,,,,
リトルガーデンWBG,リトルガーデンWBG,,私立,Y,N,N,認可外,千葉市美浜区中瀬2-6 WBGマリブウェスト2F,,35.6482007,140.0388642,,351-1630,,65,,,7:00,21:00,N,,Y,Y,Y,N,,,,Y,,,,,,,,,,,,
リトルガーデン幕張,リトルガーデン幕張,,私立,Y,N,N,認可外,千葉市美浜区中瀬1-6 NTT幕張ビル1F,,35.652924,140.0394622,,351-7670,,100,,,7:00,19:00,N,,Y,Y,N,N,,,,Y,,,,,,,,,,,,
ザ・パークハウス新検見川保育施設,ザ・パークハウス新検見川保育施設,,私立,Y,N,N,認可外,千葉市花見川区検見川町3-327-3,,35.6468235,140.07077,,782‐6831,,14,,,7:45,19:30,N,,Y,Y,N,N,,,,,,,,,,,,,,,,
近所のおばさんち,近所のおばさんち,,私立,Y,N,N,認可外,千葉市緑区中西町605-10,,35.5387497,140.1555961,,312-6696,,6,,,7:00,20:00,N,,Y,Y,Y,N,,,,,,,,,,,,,,,,
あいりす幼稚園,あいりす幼稚園,学校法人古川学園,私立,,,,幼稚園,千葉市美浜区幸町2の9の3,,35.61777,140.093993,http://www.airinyoutien.com/,247-3921,,170,,,,,,,,,,,,,,,,,,,,,,,,,,
あすみ中央幼稚園,あすみ中央幼稚園,学校法人小川学園,私立,,,,幼稚園,千葉市緑区あすみが丘6丁目23番地の2,,35.519055,140.264092,http://www.chuo-kg.ac.jp/asumi/index_asumi.html,205-2209,,200,,,,,,,,,,,,,,,,,,,,,,,,,,
あやめ台第二幼稚園,あやめ台第二幼稚園,学校法人神栄学園,私立,,,,幼稚園,千葉市稲毛区柏台1の25,,35.652456,140.110059,http://www.ayamedai.ed.jp/daini/,255-7211,,200,,,,,,,,,,,,,,,,,,,,,,,,,,
あやめ台幼稚園,あやめ台幼稚園,学校法人神栄学園,私立,,,,幼稚園,千葉市稲毛区園生町468の1,,35.64665,140.114995,http://www.ayamedai.ed.jp/,253-5301,,360,,,,,,,,,,,,,,,,,,,,,,,,,,
おゆみの幼稚園,おゆみの幼稚園,学校法人アゼリー学園,私立,,,,幼稚園,千葉市緑区おゆみ野4の30,,35.557254,140.180913,http://oyumino.azalee.or.jp/,291-6210,,270,,,,,,,,,,,,,,,,,,,,,,,,,,
おゆみ野南幼稚園,おゆみ野南幼稚園,学校法人宇野学園,私立,,,,幼稚園,千葉市緑区大金沢町381の1,,35.539304,140.189123,http://www.oyuminominami.jp/,300-0113,,370,,,,,,,,,,,,,,,,,,,,,,,,,,
こざくら第二幼稚園,こざくら第二幼稚園,学校法人こざくら学園,私立,,,,幼稚園,千葉市美浜区真砂4の17の2,,35.641462,140.058063,http://www.kozakura.ed.jp/,278-2578,,300,,,,,,,,,,,,,,,,,,,,,,,,,,
こざくら幼稚園,こざくら幼稚園,学校法人こざくら学園,私立,,,,幼稚園,千葉市緑区平山町65の1,,35.583162,140.180201,http://kozakura-kg.jp/,263-0435,,310,,,,,,,,,,,,,,,,,,,,,,,,,,
こてはし台幼稚園,こてはし台幼稚園,学校法人広田学園,私立,,,,幼稚園,千葉市花見川区横戸町857,,35.692862,140.121855,http://www.kotedai.ed.jp/,257-2111,,310,,,,,,,,,,,,,,,,,,,,,,,,,,
こまどり幼稚園,こまどり幼稚園,学校法人義英学園,私立,,,,幼稚園,千葉市中央区宮崎町234番地1,,35.584561,140.138873,http://www.kids-club.jp/komadori/index.html,261-3083,,300,,,,,,,,,,,,,,,,,,,,,,,,,,
さざれ幼稚園,さざれ幼稚園,（個人）大野晴永,私立,,,,幼稚園,千葉市花見川区幕張町5の241,,35.655342,140.062117,http://www.sazale.ed.jp/,273-8813,,300,,,,,,,,,,,,,,,,,,,,,,,,,,
さつきが丘幼稚園,さつきが丘幼稚園,学校法人もっこく学園,私立,,,,幼稚園,千葉市花見川区さつきが丘1の33の1,,35.665278,140.097994,http://www.satsukigaoka.ac.jp/,250-6383,,240,,,,,,,,,,,,,,,,,,,,,,,,,,
スガハラ幼稚園,スガハラ幼稚園,学校法人荻原学園,私立,,,,幼稚園,千葉市花見川区武石町2の1017,,35.661111,140.064566,http://sugahara-makuhari.ed.jp/,273-3328,,160,,,,,,,,,,,,,,,,,,,,,,,,,,
なかよし幼稚園,なかよし幼稚園,学校法人千葉石井学園,私立,,,,幼稚園,千葉市美浜区高浜4の9の1,,35.624289,140.068123,http://www.nakayosi.ac.jp/,277-4155,,100,,,,,,,,,,,,,,,,,,,,,,,,,,
のぞみ幼稚園,のぞみ幼稚園,学校法人信愛学園,私立,,,,幼稚園,千葉市若葉区千城台西1の31の1,,35.625544,140.182096,http://www.nozomi-kg.jp/,237-1394,,150,,,,,,,,,,,,,,,,,,,,,,,,,,
はまの幼稚園,はまの幼稚園,学校法人畠山学園,私立,,,,幼稚園,千葉市中央区浜野町1252の4,,35.558268,140.129516,http://www.hamano.ac.jp/kindergarten/index.html,261-0725,,300,,,,,,,,,,,,,,,,,,,,,,,,,,
ひばり幼稚園,ひばり幼稚園,学校法人国際学園,私立,,,,幼稚園,千葉市美浜区真砂5の24の1,,35.645982,140.062654,http://www.kidslink.jp/hibari/,278-0912,,270,,,,,,,,,,,,,,,,,,,,,,,,,,
ひまわり幼稚園,ひまわり幼稚園,学校法人塩田学園,私立,,,,幼稚園,千葉市中央区松ヶ丘町611,,35.586099,140.151926,http://himawari-youchien.com/,261-2719,,180,,,,,,,,,,,,,,,,,,,,,,,,,,
へいわ幼稚園,へいわ幼稚園,学校法人信愛学園,私立,,,,幼稚園,千葉市若葉区千城台東1の6の2,,35.620134,140.192068,http://www.heiwa.ed.jp/,237-0551,,270,,,,,,,,,,,,,,,,,,,,,,,,,,
ほまれ幼稚園,ほまれ幼稚園,学校法人西郡学園,私立,,,,幼稚園,千葉市緑区誉田町1の1007,,35.561431,140.201423,http://homare-kindergarten.org/,291-1365,,170,,,,,,,,,,,,,,,,,,,,,,,,,,
まこと第三幼稚園,まこと第三幼稚園,学校法人山口学園,私立,,,,幼稚園,千葉市花見川区こてはし台6の21の1,,35.695623,140.116678,http://www.kidslink.jp/makoto-3/,257-6017,,200,,,,,,,,,,,,,,,,,,,,,,,,,,
まこと第二幼稚園,まこと第二幼稚園,学校法人山口学園,私立,,,,幼稚園,千葉市花見川区花見川6の18,,35.689335,140.100087,http://www.kidslink.jp/makoto-2/,259-2602,,190,,,,,,,,,,,,,,,,,,,,,,,,,,
まこと東幼稚園,まこと東幼稚園,学校法人誠和学園,私立,,,,幼稚園,千葉市若葉区みつわ台2の22の3,,35.636451,140.130499,http://www.kidslink.jp/makoto_higashi/,255-9696,,100,,,,,,,,,,,,,,,,,,,,,,,,,,
みつわ台幼稚園,みつわ台幼稚園,学校法人宍倉学園,私立,,,,幼稚園,千葉市若葉区みつわ台4の23の5,,35.64407,140.134611,http://mitsuwadai.jp/,251-3331,,300,,,,,,,,,,,,,,,,,,,,,,,,,,
みのり幼稚園,みのり幼稚園,学校法人幸正学園,私立,,,,幼稚園,千葉市若葉区都賀5の20の26,,35.637508,140.154911,http://www.minoriyouchien.jp/,231-0652,,320,,,,,,,,,,,,,,,,,,,,,,,,,,
めぐみ幼稚園,めぐみ幼稚園,学校法人杉森学園,私立,,,,幼稚園,千葉市美浜区高浜3の2の1,,35.620367,140.066177,http://www.megumiyouchien.com/,278-3502,,200,,,,,,,,,,,,,,,,,,,,,,,,,,
やまびこ幼稚園,やまびこ幼稚園,学校法人鎌田学園,私立,,,,幼稚園,千葉市若葉区高根町898の2,,35.596768,140.21518,http://yamabiko-chiba.ed.jp/,228-3320,,240,,,,,,,,,,,,,,,,,,,,,,,,,,
愛隣幼稚園,愛隣幼稚園,学校法人愛隣学園,私立,,,,幼稚園,千葉市稲毛区轟町5の2の12,,35.630727,140.110667,http://www.airinyoutien.com/,251-6395,,160,,,,,,,,,,,,,,,,,,,,,,,,,,
葵幼稚園,葵幼稚園,学校法人大塚学園,私立,,,,幼稚園,千葉市中央区仁戸名町205,,35.592039,140.162174,http://aoi-kindergarten.ed.jp/,261-7095,,200,,,,,,,,,,,,,,,,,,,,,,,,,,
磯辺白百合幼稚園,磯辺白百合幼稚園,学校法人清峯学園,私立,,,,幼稚園,千葉市美浜区磯辺4の14の1,,35.631805,140.059283,http://www.isobe-shirayuri.ed.jp/,277-2525,,300,,,,,,,,,,,,,,,,,,,,,,,,,,
稲毛すみれ幼稚園,稲毛すみれ幼稚園,学校法人西沢学園,私立,,,,幼稚園,千葉市稲毛区稲毛東1の14の13,,35.634042,140.088704,http://www.inage-sumire.ed.jp/,242-6116,,300,,,,,,,,,,,,,,,,,,,,,,,,,,
稲毛幼稚園,稲毛幼稚園,学校法人小林学園,私立,,,,幼稚園,千葉市稲毛区稲毛町5の100の1,,35.641784,140.080812,http://www.inage.ed.jp/,243-4115,,210,,,,,,,,,,,,,,,,,,,,,,,,,,
院内幼稚園,院内幼稚園,学校法人院内学園,私立,,,,幼稚園,千葉市中央区祐光1の9の5,,35.617546,140.128032,http://in-nai.sakura.ne.jp/,222-7775,,190,,,,,,,,,,,,,,,,,,,,,,,,,,
園生幼稚園,園生幼稚園,学校法人笠川学園,私立,,,,幼稚園,千葉市稲毛区園生町956の6,,35.641638,140.104504,http://www.sonnou.ac.jp/,251-5002,,270,,,,,,,,,,,,,,,,,,,,,,,,,,
加曽利幼稚園,加曽利幼稚園,学校法人桐葉学園,私立,,,,幼稚園,千葉市若葉区加曽利町953の3,,35.614204,140.156209,http://www.kasoriyouchien.com/,231-3065,,400,,,,,,,,,,,,,,,,,,,,,,,,,,
花園幼稚園,花園幼稚園,学校法人木嶋学園,私立,,,,幼稚園,千葉市花見川区花園1の3の9,,35.6519,140.075511,http://www.hanazono-kg.ac.jp/,271-7837,,200,,,,,,,,,,,,,,,,,,,,,,,,,,
花見川ちぐさ幼稚園,花見川ちぐさ幼稚園,学校法人井元学園,私立,,,,幼稚園,千葉市花見川区花見川8の19,,35.684888,140.095612,http://dai2chigusa.jp/,250-6660,,190,,,,,,,,,,,,,,,,,,,,,,,,,,
花見川幼稚園,花見川幼稚園,学校法人さくら学園,私立,,,,幼稚園,千葉市花見川区花見川4の14の101,,35.692007,140.096307,http://www.chibashi-youchien.gr.jp/guide/photo/hanami/hanamigawa/index.htm,259-2637,,170,,,,,,,,,,,,,,,,,,,,,,,,,,
花水木幼稚園,花水木幼稚園,学校法人市原学園,私立,,,,幼稚園,千葉市緑区おゆみ野中央6の13の1,,35.552816,140.176235,http://hanamizukiyouchien.com/,291-0880,,270,,,,,,,,,,,,,,,,,,,,,,,,,,
鏡戸幼稚園,鏡戸幼稚園,学校法人鏡戸学園,私立,,,,幼稚園,千葉市緑区大木戸町428の1,,35.528723,140.248295,http://www.ans.co.jp/k/kagamido/,294-5611,,340,,,,,,,,,,,,,,,,,,,,,,,,,,
暁幼稚園,暁幼稚園,学校法人慶泉学園,私立,,,,幼稚園,千葉市花見川区西小中台2の1,,35.652303,140.086701,http://akatsuki-chiba.boo.jp/,271-1950,,400,,,,,,,,,,,,,,,,,,,,,,,,,,
九重幼稚園,九重幼稚園,学校法人九重学園,私立,,,,幼稚園,千葉市中央区稲荷町3丁目12番6号,,35.587036,140.126785,http://www.kokonoe.ac.jp/,261-1418,,300,,,,,,,,,,,,,,,,,,,,,,,,,,
穴川花園幼稚園,穴川花園幼稚園,学校法人千葉花園学園,私立,,,,幼稚園,千葉市稲毛区穴川町375,,35.638271,140.1086,http://www.anagawa-hanazono.com/,251-3514,,270,,,,,,,,,,,,,,,,,,,,,,,,,,
高洲幼稚園,高洲幼稚園,学校法人松ヶ丘学園,私立,,,,幼稚園,千葉市美浜区高洲3の3の12,,35.626243,140.073577,http://www.takasu.ed.jp/,278-1910,,200,,,,,,,,,,,,,,,,,,,,,,,,,,
高浜幼稚園,高浜幼稚園,学校法人能勢学園,私立,,,,幼稚園,千葉市美浜区高浜1の8の2,,35.61998,140.073126,http://takahama.ed.jp/,246-7090,,310,,,,,,,,,,,,,,,,,,,,,,,,,,
山王幼稚園,山王幼稚園,学校法人山王学園,私立,,,,幼稚園,千葉市稲毛区山王町153の2,,35.664877,?140.1405,http://www.sannoukids.com/,423-3331,,270,,,,,,,,,,,,,,,,,,,,,,,,,,
山百合幼稚園,山百合幼稚園,学校法人山百合学園,私立,,,,幼稚園,千葉市中央区都町1177の1,,35.609927,140.149073,http://www.wings-since1992.co.jp/yamayuri/index.html,231-3600,,170,,,,,,,,,,,,,,,,,,,,,,,,,,
子鹿幼稚園,子鹿幼稚園,学校法人ポーロニア学園,私立,,,,幼稚園,千葉市美浜区幸町1の5の1,,35.612434,140.102651,http://www.kojika-kind.com/,242-8741,,270,,,,,,,,,,,,,,,,,,,,,,,,,,
若松台幼稚園,若松台幼稚園,学校法人千葉学研,私立,,,,幼稚園,千葉市若葉区若松町401,,35.645326,140.169758,http://www.wakamatsudai-youchien.com/,232-5177,,370,,,,,,,,,,,,,,,,,,,,,,,,,,
小ばと幼稚園,小ばと幼稚園,学校法人聖メリー学園,私立,,,,幼稚園,千葉市稲毛区天台1の7の17,,35.632928,140.113585,http://www.kobato.ac.jp/,251-6471,,170,,,,,,,,,,,,,,,,,,,,,,,,,,
小中台幼稚園,小中台幼稚園,学校法人誠真学園,私立,,,,幼稚園,千葉市稲毛区小仲台8の20の1,,35.645192,140.0892,http://www.ans.co.jp/k/konakadai/,255-3627,,400,,,,,,,,,,,,,,,,,,,,,,,,,,
松ヶ丘幼稚園,松ヶ丘幼稚園,学校法人松ヶ丘学園,私立,,,,幼稚園,千葉市中央区仁戸名町552,,35.587966,140.155351,http://matsugaoka.ed.jp/,265-1815,,210,,,,,,,,,,,,,,,,,,,,,,,,,,
城徳学園いそべ幼稚園,城徳学園いそべ幼稚園,学校法人城徳学園,私立,,,,幼稚園,千葉市美浜区磯辺7の16の1,,35.636192,140.053087,http://www.it-service.co.jp/a/shinkemigawa_kg/,277-3113,,270,,,,,,,,,,,,,,,,,,,,,,,,,,
植草学園大学附属美浜幼稚園,植草学園大学附属美浜幼稚園,学校法人植草学園,私立,,,,幼稚園,千葉市美浜区高洲1の17の8,,35.631151,140.077246,http://pre-school.uekusa.ac.jp/,277-2361,,270,,,,,,,,,,,,,,,,,,,,,,,,,,
信徳寺あさひ幼稚園,信徳寺あさひ幼稚園,学校法人信徳学園,私立,,,,幼稚園,千葉市花見川区長作町610の1,,35.681241,140.071448,http://asahikg.com/,259-5558,,150,,,,,,,,,,,,,,,,,,,,,,,,,,
新検見川幼稚園,新検見川幼稚園,学校法人城徳学園,私立,,,,幼稚園,千葉市花見川区朝日ヶ丘5の28の61,,35.661557,140.084196,http://www.it-service.co.jp/a/shinkemigawa_kg/,271-5000,,270,,,,,,,,,,,,,,,,,,,,,,,,,,
真砂第一幼稚園,真砂第一幼稚園,学校法人川上学園,私立,,,,幼稚園,千葉県千葉市美浜区真砂2丁目17-82,,35.640597,140.0683,http://masago1.sakura.ne.jp/,278-0011,,270,,,,,,,,,,,,,,,,,,,,,,,,,,
真砂白百合幼稚園,真砂白百合幼稚園,学校法人清峯学園,私立,,,,幼稚園,千葉市美浜区真砂3の14の2,,35.63669,140.064645,http://www.masago-shirayuri.ed.jp/,278-0023,,270,,,,,,,,,,,,,,,,,,,,,,,,,,
真砂幼稚園,真砂幼稚園,学校法人石原学園,私立,,,,幼稚園,千葉市美浜区真砂1の9,,35.633619,140.070283,http://www.masago.ed.jp/,278-3310,,300,,,,,,,,,,,,,,,,,,,,,,,,,,
仁戸名幼稚園,仁戸名幼稚園,学校法人香林学園,私立,,,,幼稚園,千葉市中央区仁戸名町616,,35.585481,140.15575,http://www.nitona.ac.jp/,261-5618,,200,,,,,,,,,,,,,,,,,,,,,,,,,,
翠幼稚園,翠幼稚園,学校法人尾形学園,私立,,,,幼稚園,千葉市中央区春日2の12の10,,35.621137,140.102038,http://www.ne.jp/asahi/midori/youchien/,241-2913,,150,,,,,,,,,,,,,,,,,,,,,,,,,,
聖マリア幼稚園,聖マリア幼稚園,宗教法人カトリック東京大司教区,私立,,,,幼稚園,千葉市中央区汐見丘町11の11,,35.617861,140.10526,http://www.m-caritas.jp/youchien/11/welcome.html,243-0981,,120,,,,,,,,,,,,,,,,,,,,,,,,,,
聖母マリア幼稚園,聖母マリア幼稚園,学校法人レストナック学園,私立,,,,幼稚園,千葉市緑区辺田町552,,35.563049,140.183857,http://www.seibomaria.jp/,291-1352,,260,,,,,,,,,,,,,,,,,,,,,,,,,,
青い鳥第二幼稚園,青い鳥第二幼稚園,学校法人芦童学園,私立,,,,幼稚園,千葉市花見川区さつきが丘2の13,,35.666314,140.092324,http://aoitori2.jp/,259-3788,,200,,,,,,,,,,,,,,,,,,,,,,,,,,
青い鳥幼稚園,青い鳥幼稚園,学校法人芦童学園,私立,,,,幼稚園,千葉市花見川区検見川町1の48,,35.651108,140.065851,http://oyadori.com/,271-3175,,100,,,,,,,,,,,,,,,,,,,,,,,,,,
千城台南幼稚園,千城台南幼稚園,学校法人城南学園,私立,,,,幼稚園,千葉市若葉区千城台南2の8の4,,35.618796,140.186572,http://minami-2370552.sakura.ne.jp/,237-0552,,285,,,,,,,,,,,,,,,,,,,,,,,,,,
千城東幼稚園,千城東幼稚園,学校法人泉学園,私立,,,,幼稚園,千葉市若葉区千城台東3の14の13,,35.616568,140.194388,http://www.chibashi-youchien.gr.jp/guide/photo/wakaba/tishiroh/,237-9356,,200,,,,,,,,,,,,,,,,,,,,,,,,,,
千葉さざなみ幼稚園,千葉さざなみ幼稚園,学校法人羽田学園,私立,,,,幼稚園,千葉市美浜区高洲1の1の20,,35.628412,140.082832,http://www.sazanami.ed.jp/,243-3373,,200,,,,,,,,,,,,,,,,,,,,,,,,,,
千葉しらゆり幼稚園,千葉しらゆり幼稚園,学校法人石渡学園,私立,,,,幼稚園,千葉市花見川区作新台8の7の3,,35.685049,140.086267,http://chibashirayuri.com/,259-4214,,370,,,,,,,,,,,,,,,,,,,,,,,,,,
千葉敬愛短期大学附属幼稚園,千葉敬愛短期大学附属幼稚園,学校法人千葉敬愛学園,私立,,,,幼稚園,千葉市美浜区高洲2の2の16,,35.625477,140.080438,http://kg.chibakeiai.ac.jp/,242-8746,,270,,,,,,,,,,,,,,,,,,,,,,,,,,
千葉聖心幼稚園,千葉聖心幼稚園,学校法人森島学園,私立,,,,幼稚園,千葉市若葉区みつわ台3の6,,35.640559,140.136792,http://seishin-m.ed.jp/,255-3606,,270,,,,,,,,,,,,,,,,,,,,,,,,,,
千葉大学教育学部附属幼稚園,千葉大学教育学部附属幼稚園,国立,公立,,,,幼稚園,千葉市稲毛区弥生町1-33,,35.630033,140.099579,http://www.chiba-u-kg.jp/,290-2702,,140,,,,,,,,,,,,,,,,,,,,,,,,,,
千葉白菊幼稚園,千葉白菊幼稚園,学校法人千葉白菊学園,私立,,,,幼稚園,千葉市美浜区幸町2の12の8,,35.620689,140.091221,http://shiragiku.ac.jp/,241-6600,,200,,,,,,,,,,,,,,,,,,,,,,,,,,
千葉文化幼稚園,千葉文化幼稚園,学校法人文化学園,私立,,,,幼稚園,千葉市若葉区桜木4の16の38,,35.624603,140.157539,http://www.bunkagakuen.jp/chiba-index.html,231-0304,,200,,,,,,,,,,,,,,,,,,,,,,,,,,
千葉明徳短期大学附属幼稚園,千葉明徳短期大学附属幼稚園,学校法人千葉明徳学園,私立,,,,幼稚園,千葉市中央区南生実町1412,,35.560637,140.154581,http://chibameitoku.ac.jp/youchien/,265-1614,,310,,,,,,,,,,,,,,,,,,,,,,,,,,
泉幼稚園,泉幼稚園,学校法人栄伸学園,私立,,,,幼稚園,千葉市若葉区小倉台3の11の1,,35.628023,140.174331,http://izumi.eishingakuen.ed.jp/,231-0802,,190,,,,,,,,,,,,,,,,,,,,,,,,,,
双葉幼稚園,双葉幼稚園,宗教法人日本聖公会横浜教区,私立,,,,幼稚園,千葉市中央区新田町5の8,,35.608691,140.114464,http://www.chiba-futaba.com/,242-4933,,120,,,,,,,,,,,,,,,,,,,,,,,,,,
大巌寺幼稚園,大巌寺幼稚園,学校法人大巌寺学園,私立,,,,幼稚園,千葉市中央区大巌寺町186,,35.574917,140.146778,http://www.daiganji.jp.net/kinder/,261-5997,,200,,,,,,,,,,,,,,,,,,,,,,,,,,
大宮幼稚園,大宮幼稚園,学校法人御園学園,私立,,,,幼稚園,千葉市若葉区大宮台6の10の3,,35.595374,140.18176,http://www.omiyayochien.jp/,261-3918,,170,,,,,,,,,,,,,,,,,,,,,,,,,,
登戸幼稚園,登戸幼稚園,学校法人大森学園,私立,,,,幼稚園,千葉市中央区新千葉3の14の18,,35.615133,140.107391,http://www.s27nobu-kd.ed.jp/,241-3512,,100,,,,,,,,,,,,,,,,,,,,,,,,,,
都賀の台幼稚園,都賀の台幼稚園,学校法人朋徳学園,私立,,,,幼稚園,千葉市若葉区都賀の台4の26の15,,35.64343,140.147555,http://www.tsuganodai.ed.jp/,256-1981,,200,,,,,,,,,,,,,,,,,,,,,,,,,,
都幼稚園,都幼稚園,学校法人浜田学園,私立,,,,幼稚園,千葉市中央区都町1の46の22,,35.616356,140.142912,http://www.kidslink.jp/miyako/,231-7047,,200,,,,,,,,,,,,,,,,,,,,,,,,,,
土岐幼稚園,土岐幼稚園,学校法人土岐学園,私立,,,,幼稚園,千葉市稲毛区緑町1の5の17,,35.624314,140.098692,http://www.tokigakuen.ac.jp/yochien/,242-2561,,100,,,,,,,,,,,,,,,,,,,,,,,,,,
土気中央幼稚園,土気中央幼稚園,学校法人小川学園,私立,,,,幼稚園,千葉市緑区土気町1630の7,,35.531389,140.271999,http://www.chuo-kg.ac.jp/toke/index_toke.html,226-5156,,370,,,,,,,,,,,,,,,,,,,,,,,,,,
梅乃園幼稚園,梅乃園幼稚園,学校法人梅園学園,私立,,,,幼稚園,千葉市中央区矢作町939の6,,35.601892,140.141879,http://umezono.net/,222-2003,,200,,,,,,,,,,,,,,,,,,,,,,,,,,
芳野学園附属幼稚園,芳野学園附属幼稚園,学校法人芳野学園,私立,,,,幼稚園,千葉市美浜区幕張西3の2の9,,35.663649,140.038964,http://www.yoshinogakuen.ac.jp/kids/index.html,272-8500,,200,,,,,,,,,,,,,,,,,,,,,,,,,,
幕張インターナショナルスクール幼稚園,幕張インターナショナルスクール幼稚園,学校法人幕張インターナショナルスクール,私立,,,,幼稚園,千葉市美浜区若葉3の2の9,,35.647844,140.050311,http://www.mis.ed.jp/jpn/index.html,296-0277,,144,,,,,,,,,,,,,,,,,,,,,,,,,,
弥生幼稚園,弥生幼稚園,学校法人神美学園,私立,,,,幼稚園,千葉市稲毛区穴川1の4の6,,35.632205,140.103795,http://www.yayoi5.com/goannai.html,253-5311,,200,,,,,,,,,,,,,,,,,,,,,,,,,,
由田学園千葉幼稚園,由田学園千葉幼稚園,学校法人由田学園,私立,,,,幼稚園,千葉市花見川区花見川1の29,,35.687656,140.089758,http://www.chibayouchien.jp/top.html,259-7095,,170,,,,,,,,,,,,,,,,,,,,,,,,,,
羔幼稚園,羔幼稚園,学校法人羔学園,私立,,,,幼稚園,千葉市中央区東本町5の1,,35.610453,140.129089,http://www.kohitsuji-gakuen.ed.jp/,227-6368,,180,,,,,,,,,,,,,,,,,,,,,,,,,,
